{
  "Total" : {
    "transaction" : "Total",
    "sampleCount" : 40000,
    "errorCount" : 0,
    "errorPct" : 0.0,
    "meanResTime" : 539.2032249999996,
    "minResTime" : 29.0,
    "maxResTime" : 56011.0,
    "pct1ResTime" : 739.0,
    "pct2ResTime" : 1522.9000000000015,
    "pct3ResTime" : 15627.900000000016,
    "throughput" : 557.7867023650156,
    "receivedKBytesPerSec" : 360.0549931932591,
    "sentKBytesPerSec" : 0.0
  },
  "HTTP Request" : {
    "transaction" : "HTTP Request",
    "sampleCount" : 40000,
    "errorCount" : 0,
    "errorPct" : 0.0,
    "meanResTime" : 539.2032249999996,
    "minResTime" : 29.0,
    "maxResTime" : 56011.0,
    "pct1ResTime" : 739.0,
    "pct2ResTime" : 1522.9000000000015,
    "pct3ResTime" : 15627.900000000016,
    "throughput" : 557.7867023650156,
    "receivedKBytesPerSec" : 360.0549931932591,
    "sentKBytesPerSec" : 0.0
  }
}